question,expected_answer,medrag_answer
Which brain region is involved in working memory capacity constraints?,"The dorsolateral prefrontal cortex (DLPFC) is a key brain region involved in working memory capacity constraints, exhibiting an 'inverted-U' shaped neurophysiological response to increasing cognitive load.",The dorsolateral prefrontal cortex is primarily involved in impairing working memory capacity when lesions occur in this region.
Are other brain regions also involved in working memory capacity constraints?,"Yes, other brain regions, such as the premotor cortex, thalamus, and superior parietal lobule, may also demonstrate capacity-constrained responses, potentially as part of a broader network-wide capacity limitation.","Yes, other brain regions, particularly the hippocampi and dorsal thalamus, are involved in working memory capacity constraints, along with the dorsolateral prefrontal cortex, which is specifically impaired by lesions affecting working memory."
What is a visuomotor task?,"A visuomotor task is a type of task that requires the transformation of visual signals into motor responses, such as moving a finger in response to a visual cue. Visuomotor tasks are used to study the brain's ability to integrate visual and motor information.","A visuomotor task involves coordinating visual input with motor output to perform an action, such as reaching for or manipulating objects based on visual cues. These tasks require the integration of visual information and motor planning to execute movements accurately."
What brain regions are involved in visuomotor transformations?,"The brain regions involved in visuomotor transformations include the visual cortex, motor cortex, prefrontal cortex, and posterior parietal cortex. These regions work together to coordinate the transformation of visual signals into motor responses.","The brain regions involved in visuomotor transformations include the parietal cortex, which is crucial for spatial attention and integration of visual information, and the frontal cortex, particularly areas involved in planning and initiating movements."
What is the role of the prefrontal cortex in visuomotor tasks?,"The prefrontal cortex is involved in the preparation and execution of movements, and is also thought to play a role in the arbitrary association between visual cues and motor responses. The ventral prefrontal cortex, in particular, is active during the preparation and execution of movements.","The prefrontal cortex is involved in the planning and initiation of sequences of movement, particularly in visuomotor tasks, where it interacts with visual, auditory, and somatosensory cortices to coordinate motor responses based on visual signals."
How does the auditory system respond to different sound frequencies?,"The auditory system's response to sound varies with frequency, with different areas activated by different tones. For example, the primary auditory cortex may be more responsive to higher frequencies.","The auditory system responds to different sound frequencies through a tonotopic organization, where high-frequency sounds activate hair cells near the base of the cochlea and low-frequency sounds activate cells near the apex. This organization is maintained throughout the central auditory pathway, allowing for frequency discrimination and sound localization."
What is tonotopic organization in the auditory system?,"Tonotopic organization refers to the mapping of sound frequencies to specific areas of the brain, such as the primary auditory cortex. This organization allows the brain to process and interpret different sound frequencies.","Tonotopic organization in the auditory system refers to the spatial arrangement of neurons that respond to different frequencies of sound, where high-frequency sounds activate neurons located at one end (the base) and low-frequency sounds activate neurons at the opposite end (the apex) of the cochlea, and this organization is maintained throughout the central auditory pathways up to the primary auditory cortex."
What brain regions are involved in language processing?,"Language processing involves areas in the prefrontal, temporal, and parietal regions, as well as the supplementary motor area. The prefrontal region is particularly important for language processing, including areas responsible for word generation and language control.","The brain regions involved in language processing primarily include Broca's area in the frontal lobe, responsible for speech production, and Wernicke's area in the temporal lobe, responsible for language comprehension. Additionally, the posterior perisylvian region encompasses various language functions, with other areas of the brain contributing to different aspects of language processing."
How does bilingualism affect language processing in the brain?,"Bilingualism is associated with overlapping activations in the brain for both languages, suggesting that the brain processes multiple languages in a similar way. Early and late bilinguals exhibit similar patterns of activation, regardless of the age of language acquisition.","Bilingualism can influence language processing in the brain by engaging different neural pathways and regions associated with language comprehension and production, often leading to enhanced cognitive flexibility and executive function. Bilingual individuals may show distinct patterns of brain activation compared to monolinguals, particularly in areas related to language control and switching. Additionally, the experience of managing two languages can enhance certain cognitive skills, such as problem-solving and multitasking."
What is functional magnetic resonance imaging (fMRI) used for in language processing studies?,"Functional magnetic resonance imaging (fMRI) is a non-invasive imaging technique used to study brain activity, including language processing. It measures changes in blood oxygen levels to map brain activity and identify areas involved in specific tasks, such as language generation.","Functional magnetic resonance imaging (fMRI) is used in language processing studies to investigate brain activation patterns during language production and comprehension, revealing the involvement of various cortical areas, including Wernicke and Broca's areas, as well as other regions associated with language functions."
What is the secondary somatosensory cortex?,"The secondary somatosensory cortex (SII) is a region of the brain involved in processing sensory information, particularly tactile sensations. It is located near the primary somatosensory cortex and plays a role in higher-level sensory processing.","The secondary somatosensory cortex (S-II) is located in the superior bank of the lateral fissure and receives projections from the primary somatosensory cortex (S-I), playing a role in the processing and integration of somatosensory information."
What is the significance of bilateral representation in SII?,"Bilateral representation in SII means that both sides of the brain are involved in processing sensory information, allowing for more complex and integrated sensory perception. This organization is thought to be important for tasks such as tactile discrimination and spatial awareness.","Bilateral representation in SII (the primary somatosensory cortex) suggests that sensory information from both sides of the body is processed in both hemispheres, which may enhance sensory perception and integration, particularly in individuals with certain neurological conditions or injuries. This bilateral representation can also play a role in recovery and compensation following unilateral brain damage."
What is the significance of Heschl's gyrus in auditory hallucinations?,"The activation of Heschl's gyrus during auditory hallucinations suggests that primary auditory areas are involved in the generation of these internal sounds, providing insight into the neural mechanisms underlying this phenomenon.","Heschl's gyrus, located in the superior temporal lobe, is significant in auditory hallucinations as it constitutes the primary auditory receptive area and is involved in processing auditory stimuli; abnormalities in this region are associated with the occurrence of auditory hallucinations, particularly in conditions like schizophrenia."
What is posttraumatic stress disorder (PTSD)?,"Posttraumatic stress disorder (PTSD) is a condition that develops after a person experiences a traumatic event, characterized by symptoms such as flashbacks, anxiety, and hyperarousal. PTSD is a mental health condition that can affect individuals who have experienced or witnessed traumatic events, such as combat or natural disasters.","Posttraumatic stress disorder (PTSD) is a mental health condition that develops after exposure to a traumatic event, characterized by symptoms such as re-experiencing the trauma through intrusive thoughts or flashbacks, avoidance of reminders of the event, negative alterations in mood and cognition, and heightened arousal. Symptoms must persist for more than one month and cause significant distress or impairment in functioning."
How do traumatic stimuli affect individuals with PTSD?,"Traumatic stimuli, such as pictures and sounds, can trigger symptoms and physiological responses in individuals with PTSD, including increased anxiety, heart rate, and blood pressure. These stimuli can also activate brain regions involved in emotion, memory, and visuospatial processing, leading to altered activity patterns.","Individuals with PTSD exhibit heightened sensitivity to traumatic stimuli, leading to intense psychological distress and physiological reactions when exposed to reminders of the traumatic event. This can manifest as intrusive memories, flashbacks, and a strong startle response, causing significant impairment in their daily functioning."
What brain regions are involved in responding to traumatic stimuli?,"The brain regions involved in responding to traumatic stimuli include the medial prefrontal cortex, amygdala, anterior cingulate, and posterior cingulate, among others. These regions play a role in emotion regulation, memory, and visuospatial processing, and altered activity in these regions has been linked to PTSD symptoms.","The brain regions involved in responding to traumatic stimuli include the cerebral cortex, thalamus, and reticular activating system, which interact to produce awareness and perception. Additionally, the hypothalamus, insular cortex, and cingulate cortex are activated in response to painful stimuli."
What is the role of the prefrontal cortex in cognition?,"The prefrontal cortex is responsible for higher-order cognitive processes, including working memory, decision-making, and planning. It plays a crucial role in regulating thoughts, emotions, and behaviors.","The prefrontal cortex plays a crucial role in executive functions, which include multitasking, organization, planning, cognitive flexibility, and the integration of thought with emotion. It is involved in complex aspects of human cognition and behavior, and damage to this area can lead to significant impairments in judgment, initiative, and social conduct."
How does guessing relate to working memory?,"Guessing involves working memory processes, as it requires holding and manipulating information in mind. However, guessing also engages additional brain regions, such as the orbitofrontal cortex, which are not typically activated in traditional working memory tasks.","Guessing involves the use of working memory as it requires the temporary storage and manipulation of information to make an estimation or prediction based on available knowledge and context. Working memory allows individuals to hold onto relevant information while considering potential outcomes, which is essential for making informed guesses."
What is the difference between single and sequential movements?,"Single movements are discrete actions, whereas sequential movements involve a series of repeated actions. Sequential movements require more complex planning and coordination, involving specific regions of the frontal cortex.","Single movements are discrete actions performed independently, while sequential movements involve a series of actions executed in a specific order, often requiring coordination and timing between the movements."
What brain regions are activated during repetitive movement programming?,"The primary sensorimotor cortex, dorsolateral premotor cortex, and medial frontal regions, including the supplementary motor area (SMA) and cingulate cortex, are activated during repetitive movement programming.","The brain regions activated during repetitive movement programming include the basal ganglia, which facilitate intended movements while suppressing unnecessary ones, as well as the motor and premotor cortex, which are involved in the generation and coordination of motor activity."
What is functional magnetic resonance imaging (fMRI)?,Functional magnetic resonance imaging (fMRI) is a non-invasive neuroimaging technique used to measure and map brain activity by detecting changes in blood flow. It is commonly used to study brain function and neural activity.,"Functional magnetic resonance imaging (fMRI) is a brain imaging technique that measures and maps brain activity by detecting changes in blood flow and oxygenation levels, allowing researchers to study neural circuits and cognitive processes in real-time."
What is the difference between individual item learning and grammar learning?,"Individual item learning refers to the process of learning specific items or facts, whereas grammar learning refers to the process of learning the underlying rules and patterns that govern a system. These two types of learning can involve different cognitive processes and brain regions.","Individual item learning involves the acquisition of specific facts or pieces of information, while grammar learning pertains to understanding and applying the rules and structures that govern the combination of those items into coherent language."
What is the role of the prefrontal cortex in cognitive functions?,"The prefrontal cortex is involved in various higher-order cognitive processes, including decision-making, planning, and language processing. It is responsible for regulating complex behaviors and coordinating information from other brain regions.","The prefrontal cortex is crucial for executive functions, including planning, organization, cognitive flexibility, and the integration of thought with emotion, enabling complex behaviors such as multitasking and decision-making. It coordinates large-scale neural networks that govern cognitive and behavioral functions, influencing personality and emotional behavior as well."
How does schizophrenia affect cognitive functions?,"Schizophrenia is associated with impairments in cognitive functions, such as attention, memory, and language processing. These deficits can impact an individual's ability to perform daily tasks and maintain social relationships.","Schizophrenia is associated with significant cognitive impairments, including deficits in declarative memory, working memory, language function, and executive functions, which can lead to substantial social and functional impairments. These cognitive deficits are linked to difficulties in attention and processing speed, and they often predict the level of occupational and social functioning in affected individuals."
What is verbal fluency and how is it affected in schizophrenia?,"Verbal fluency refers to the ability to generate words based on a given cue, such as a letter or category. In individuals with schizophrenia, verbal fluency may be impaired, which can be related to altered activation patterns in the prefrontal cortex.","Verbal fluency refers to the ability to produce words in a given category within a specific time frame, reflecting cognitive function and language skills. In schizophrenia, patients often exhibit impaired verbal fluency, characterized by reduced output, disorganized speech, and difficulty in generating words, which can hinder effective communication."
What is recognition memory?,"Recognition memory refers to the ability to recognize previously encountered information, such as words or objects. It involves two types of judgments: recollection, which is the ability to recall specific details about the past, and familiarity, which is the feeling of having encountered something before without recalling specific details.","Recognition memory is the ability to identify previously encountered information or stimuli, distinguishing it from new information. It involves the retrieval of information from memory when presented with cues or prompts, allowing individuals to recognize familiar items, faces, or events."
What brain regions are involved in recognition memory?,"The prefrontal cortex, particularly the left prefrontal cortex, and the parietal cortices are key brain regions involved in recognition memory. Other regions, such as the posterior cingulate and temporoccipital regions, also play a role in recognition memory.","Recognition memory involves several brain regions, primarily the hippocampal formation and the medial-dorsal nuclei of the thalamus, along with associated cortical areas such as the inferomedial temporal lobe. Lesions in these areas can lead to significant impairments in recognition memory."
How do recollection and familiarity differ in terms of brain activity?,"Recollection and familiarity are associated with distinct patterns of brain activity, with recollection involving enhanced responses in anterior left prefrontal, left parietal, and posterior cingulate regions, and familiarity involving enhanced responses in right lateral and medial prefrontal cortex.","Recollection involves the retrieval of specific details about past experiences and is associated with activation in the hippocampus and related medial temporal lobe structures, while familiarity refers to a sense of knowing without recalling specific details and is linked to activity in the perirhinal cortex."
What is social intelligence?,"Social intelligence refers to the ability to understand and navigate social situations, including understanding the thoughts and feelings of others. It is thought to be independent of general intelligence.","Social intelligence refers to the ability to understand and manage social interactions, including the capacity to recognize social cues, engage in effective communication, and navigate social situations successfully. It encompasses skills such as empathy, social awareness, and the ability to build and maintain relationships."
What brain regions are involved in social intelligence?,"The social brain, including regions such as the orbito-frontal cortex, superior temporal gyrus, and amygdala, is believed to play a key role in social intelligence. The superior temporal gyrus (STG) and amygdala are particularly involved in using social intelligence to understand others' thoughts and feelings.","The brain regions involved in social intelligence include the limbic system, temporal lobes, and frontal lobes, which are associated with processing social cues, emotional responses, and social interactions."
How do individuals with autism differ in terms of social intelligence?,"Individuals with autism spectrum disorders, including high-functioning autism and Asperger syndrome, often exhibit deficits in social intelligence, and may show altered activation patterns in brain regions involved in social intelligence, including reduced activation in the amygdala.","Individuals with autism spectrum disorder typically exhibit significant impairments in social communication and interaction, which can lead to difficulties in understanding nonverbal cues, forming relationships, and engaging in reciprocal social exchanges. Their social intelligence may be affected by rigid thinking patterns and a lack of awareness of social norms, resulting in challenges in navigating social situations compared to neurotypical individuals."
What is the role of the anterior cingulate cortex in attentional control?,"The anterior cingulate cortex is involved in attentional control, particularly in tasks that require conflicting information to be processed. It is thought to modify the strengths of multiple neural pathways used to allocate attentional resources.","The anterior cingulate cortex plays a crucial role in attentional control by integrating emotional stimuli and facilitating response selection, which is essential for maintaining focus and managing cognitive tasks. It is involved in the modulation of attention and the processing of conflicting information, thereby influencing decision-making and behavioral responses."
What is the functional topography of the anterior cingulate cortex?,"The functional topography of the anterior cingulate cortex suggests a role in coordinating and integrating multiple attentional subsystems, with different functions positioned topographically within the cortex.","The anterior cingulate cortex is involved in emotional regulation, decision-making, and autonomic functions, with connections to the limbic system and other cortical areas. It plays a role in integrating emotional stimuli and is implicated in various behaviors, including those related to motivation and impulse control."
What is category-specific object processing?,Category-specific object processing refers to the brain's ability to selectively process specific categories of objects. This can result in remarkably selective deficits in processing specific categories of objects following brain damage.,"Category-specific object processing refers to the phenomenon where individuals may have selective impairments in recognizing or naming objects from specific categories, such as animals or tools, while retaining the ability to recognize objects from other categories. This can manifest as a dissociation in the ability to retrieve the names of objects versus their attributes, indicating distinct cognitive processes involved in visual object recognition."
Which brain regions are involved in category-specific object processing?,"The temporal cortex, including the bilateral anterior temporal and right posterior middle temporal cortices, is involved in category-specific object processing, particularly for natural objects like animals and fruit.","The brain regions involved in category-specific object processing include the lateral occipital complex (LOC) for visual object recognition and the fusiform gyrus, particularly the fusiform face area (FFA) for face recognition. Additionally, the parahippocampal place area (PPA) is associated with the processing of scenes and places."
What factors influence category-specific object processing?,"Factors such as object identification, semantic processing, and the type of object (natural or man-made) can influence category-specific object processing, leading to distinct patterns of neural activity in different brain regions.","Factors influencing category-specific object processing include the organization of visual information in the brain, the distinct neural pathways for processing different types of objects (such as the ventral stream for object recognition), and the influence of prior knowledge and experience on recognition and categorization."
What is the role of the prefrontal cortex in human behavior?,"The prefrontal cortex is responsible for inhibiting ongoing reactions, allowing for adaptation to changing environments. It plays a key role in executive functions, including decision-making and planning.","The prefrontal cortex plays a crucial role in complex cognitive functions, including planning, decision-making, emotional regulation, and social behavior. It is involved in executive functions such as multitasking, integrating thought with emotion, and maintaining attention, and damage to this area can lead to various behavioral syndromes characterized by apathy, disinhibition, and impaired judgment."
"What is the go/no-go task, and how is it used to study inhibition?","The go/no-go task is a cognitive task that requires individuals to respond or withhold a response based on a cue stimulus. It is used to study response inhibition, which is the ability to suppress an ongoing response to a stimulus.","The go/no-go task is a psychological test where participants are instructed to respond (e.g., raise a finger) to one stimulus (go) and refrain from responding to another (no-go). It is used to study inhibition by measuring the ability to suppress responses to the no-go stimulus, which reflects cognitive control and impulse regulation."
"What is the Wisconsin Card Sorting Test (WCST), and what does it assess?","The Wisconsin Card Sorting Test (WCST) is a neuropsychological test that assesses cognitive flexibility and set-shifting ability. It requires individuals to sort cards based on different criteria, such as color or shape, and to adapt to changing rules.","The Wisconsin Card Sorting Test (WCST) is a neuropsychological test that assesses a person's ability to abstract and shift mental focus, particularly in the context of problem-solving and cognitive flexibility. It is commonly used to evaluate frontal lobe function and can help identify impairments associated with frontal lobe disorders."
What is spatial attention?,"Spatial attention is the ability to selectively focus on specific locations or objects in the environment, while ignoring others. It is a fundamental cognitive process that is essential for everyday activities.","Spatial attention refers to the cognitive process of selectively focusing on specific locations or objects in the environment, allowing individuals to efficiently process and respond to relevant visual stimuli while filtering out distractions. It involves the integration of sensory information and is primarily managed by the right hemisphere of the brain, particularly in the posterior parietal cortex."
What brain regions are involved in the spatial attention network?,"The spatial attention network includes various cortical and subcortical regions, such as the lateral premotor cortex, posterior parietal cortex, cingulate cortex, basal ganglia, and thalamus. These regions work together to control attentional shifts and focus attention on specific locations or objects.","The spatial attention network primarily involves the posterior parietal cortex, frontal eye fields, and cingulate gyrus."
Is the spatial attention network lateralized to one hemisphere?,"Yes, the spatial attention network is thought to be specialized in the right hemisphere, which is responsible for controlling attentional shifts and focusing attention on specific locations or objects in the environment.","Yes, the spatial attention network is predominantly lateralized to the right hemisphere, which directs attention within the entire extrapersonal space, while the left hemisphere primarily directs attention within the contralateral right hemispace."
What is the role of the anterior cingulate cortex in attentional processing?,"The anterior cingulate cortex (ACC) is involved in modulating stimulus selection and mediating response selection, playing a central role in attentional processing. It is also activated during tasks that require attention and cognitive interference.","The anterior cingulate cortex is involved in attentional processes and response selection, showing greater activation in response to tasks that require attention, such as shifting focus to peripheral targets. It plays a crucial role in integrating emotional stimuli and modulating the perception of pain, thereby influencing attentional behaviors."
What is the Counting Stroop task used for in neuroimaging studies?,"The Counting Stroop task is a variant of the Stroop task, used to study cognitive interference and attentional processing in neuroimaging studies, particularly with functional magnetic resonance imaging (fMRI).","The Counting Stroop task is used in neuroimaging studies to assess cognitive control and the ability to manage conflicting information, particularly in relation to attention and executive function."
What is semantic processing in language?,"Semantic processing refers to the process of understanding the meaning of words and phrases. It is a crucial aspect of language comprehension, allowing individuals to interpret and understand the meaning of language.","Semantic processing in language refers to the ability to understand and derive meaning from words, phrases, and sentences, which involves the comprehension of vocabulary, sentence structure, and discourse. It is a critical component of language function that allows individuals to interpret and make inferences about language beyond mere phonetic or syntactic recognition."
What is phonological processing in language?,"Phonological processing involves the sound of words, including the ability to recognize and manipulate speech sounds. It is an essential aspect of language processing, particularly in reading and speech production.","Phonological processing refers to the ability to recognize and manipulate the smallest units of sound in spoken language, known as phonemes, and to understand the correspondence between these sounds and their written representations (graphemes). It is a critical skill for reading, spelling, and writing, and deficits in phonological processing are often associated with dyslexia."
What is the left inferior prefrontal cortex (LIPC)?,"The left inferior prefrontal cortex (LIPC) is a region in the brain that is involved in language processing, including semantic and phonological processing. It is located in the frontal lobe of the left hemisphere of the brain.","The left inferior prefrontal cortex (LIPC) is a region in the frontal lobe that is primarily involved in language processing, particularly in speech production and comprehension, as it houses Broca's area, which is crucial for generating speech. It also plays a role in executive functions, such as decision-making and emotional regulation."
What is the Embedded Figures Task (EFT)?,The Embedded Figures Task (EFT) is a test of local processing and visual search that requires identifying a shape embedded within a larger figure. It is often used to assess visual perception and cognitive processing.,"The Embedded Figures Task (EFT) is a psychological test used to assess an individual's ability to identify a simple figure hidden within a complex background. It measures cognitive styles, particularly field dependence-independence, where individuals who are field-independent can more easily extract the target figure from the surrounding distractions."
How do individuals with autism perform on the EFT?,"Individuals with autism often demonstrate superior performance on the EFT compared to neurotypical individuals, suggesting a strength in local processing and visual search. This is in contrast to other cognitive domains where deficits may be present.",The provided documents do not contain specific information regarding how individuals with autism perform on the Emotional Face Test (EFT).
What brain regions are involved in EFT performance?,"The EFT activates various brain regions, including ventral occipitotemporal regions involved in visual processing and prefrontal cortical areas involved in working memory. The specific pattern of activation can vary between individuals with autism and neurotypical individuals.","The brain regions involved in executive function tasks (EFT performance) include the prefrontal cortex, which is crucial for planning and decision-making, as well as other interconnected areas that support cognitive processes such as working memory and attention."
