question,answer
What is the significance of the inferior prefrontal cortex in cognitive control?,"The inferior prefrontal cortex, including areas such as Brodmann areas 44 and 46, plays a critical role in cognitive control, particularly in tasks that require inhibitory control and response switching. It is involved in the regulation of thoughts, behaviors, and emotions, and is often implicated in disorders characterized by impaired cognitive control."
How do circadian activity rhythms affect cognitive functioning in older adults?,"Consistent circadian activity rhythms are associated with better associative memory, independent of sleep quality and physical activity, suggesting that circadian rhythms may serve as a biomarker of cognitive functioning."
How do executive function deficits affect reading performance in children with dyslexia?,"Executive function deficits can affect reading performance in children with dyslexia by impairing reading fluency, which is the ability to read quickly and accurately. Children with dyslexia and impaired executive functions may have difficulty with phonological awareness, working memory, and attention control, leading to slower and more labored reading."
How does brain activity differ between highly and lowly hypnotizable individuals?,"Highly hypnotizable individuals tend to exhibit increased activity in the right inferior frontal gyrus and decreased activity in the intraparietal sulcus and anterior cingulate cortex during attentional tasks, whereas lowly hypnotizable individuals tend to exhibit increased activity in the parietal cortex and anterior cingulate regions."
What is the role of predictive neural activity in order perception?,"Predictive neural activity plays a central role in generating and gating responses to order in sensory input. It allows the brain to anticipate future events and adapt to changing environments, which is essential for optimal perception and performance."
How is serotonin signalling related to aggressive behavior?,"Serotonin signalling has been implicated in the regulation of aggressive behavior. Alterations in serotonin signalling, including changes in receptor binding, may contribute to the development of aggressive behavior in some individuals."
What brain regions are involved in motor urgency?,"The cerebellum, sensorimotor cortex, and prefrontal cortical areas are key brain regions involved in motor urgency, with the cerebellum playing a crucial role in coordinating movements and the sensorimotor cortex in executing voluntary movements."
How does bilingualism affect cognitive development and brain activity?,"Bilingualism has been shown to influence cognitive development and brain activity, particularly in regions involved in executive control. Bilingual individuals may exhibit differences in brain activity and cognitive performance compared to monolingual individuals, due to the increased demands of managing multiple languages."
What is the role of the insula in major depressive disorder?,"The insula is thought to contribute to the pathophysiology and symptomatology of MDD, particularly in relation to somatic complaints and altered interoceptive awareness. Abnormal interoceptive representation within the insula may be associated with depression severity and somatic symptom severity."
How does bilingualism affect cognitive processing?,"Bilingualism can influence cognitive processing by engaging language-control areas of the brain during non-linguistic tasks, such as executive control tasks. This cross-talk between language control and executive control can result in differences in brain activity patterns between bilinguals and monolinguals."
How do stimulus-response associations affect neural response?,"Stimulus-response associations can automatically cue a response upon subsequent encounter with the stimulus, potentially bypassing various processing stages. The prefrontal cortex is sensitive to changes in these associations, while ventral temporal regions may reflect facilitation of perceptual processing independent of stimulus-response associations."
What is grey matter microstructural integrity?,"Grey matter microstructural integrity refers to the structural properties of grey matter in the brain, including cortical thickness and other measures of brain tissue health. Alterations in grey matter microstructural integrity can be associated with various neurological and psychiatric disorders."
What is the periaqueductal grey region (PAG)?,"The periaqueductal grey region (PAG) is a part of the brain that integrates various signals, including those related to emotion, movement, and sensory processing. It is located in the midbrain and surrounds the cerebral aqueduct."
How does aging affect the frontoparietal network and working memory?,"Aging is associated with declines in working memory, particularly in the frontoparietal network, which includes the dorsolateral prefrontal cortex and inferior parietal lobule. This decline is thought to be due to changes in the connectivity and modulation of these regions."
How does tDCS affect motor cortex activity?,"tDCS can either increase or decrease motor cortex activity, depending on the polarity and duration of the stimulation. Anodal tDCS can increase activation in the M1 and SMA, while cathodal tDCS can increase activation in the contralateral M1 and PMd, and enhance functional connectivity between these areas."
How do symptoms of Tourette syndrome relate to brain structure?,"Symptom severity, such as tic severity and premonitory urges, has been found to correlate with changes in brain structure, including grey matter volume and cortical thickness, in individuals with Tourette syndrome."
What is the sliding window GLM analysis in fMRI?,The sliding window general linear model (GLM) analysis is a method used in fMRI to analyze changes in brain activity over time. It involves dividing the data into smaller time windows and analyzing the activity within each window to evaluate temporal changes in response to different conditions.
What is the role of the horizontal segment of the intraparietal sulcus (hIPS) in arithmetic?,"The hIPS is involved in arithmetic operations, including both calculation procedures like subtraction and memory retrieval operations like multiplication. It is crucial for solving basic arithmetic problems."
What is emotion regulation and why is it important?,"Emotion regulation refers to the ability to manage and modulate emotional responses, which is essential for maintaining mental well-being. It involves using cognitive strategies to control and adjust emotional reactions to various situations."
What is euthymic bipolar disorder?,"Euthymic bipolar disorder refers to a state in which an individual with bipolar disorder is not experiencing a manic or depressive episode, and their mood is relatively stable. During this state, individuals may still experience subtle cognitive or behavioral changes."
